[{"id":1,"name":"Afghanistan","iso3":"AFG","iso2":"AF","emoji":"\ud83c\udde6\ud83c\uddeb"},{"id":2,"name":"Aland Islands","iso3":"ALA","iso2":"AX","emoji":"\ud83c\udde6\ud83c\uddfd"},{"id":3,"name":"Albania","iso3":"ALB","iso2":"AL","emoji":"\ud83c\udde6\ud83c\uddf1"},{"id":4,"name":"Algeria","iso3":"DZA","iso2":"DZ","emoji":"\ud83c\udde9\ud83c\uddff"},{"id":5,"name":"American Samoa","iso3":"ASM","iso2":"AS","emoji":"\ud83c\udde6\ud83c\uddf8"},{"id":6,"name":"Andorra","iso3":"AND","iso2":"AD","emoji":"\ud83c\udde6\ud83c\udde9"},{"id":7,"name":"Angola","iso3":"AGO","iso2":"AO","emoji":"\ud83c\udde6\ud83c\uddf4"},{"id":8,"name":"Anguilla","iso3":"AIA","iso2":"AI","emoji":"\ud83c\udde6\ud83c\uddee"},{"id":9,"name":"Antarctica","iso3":"ATA","iso2":"AQ","emoji":"\ud83c\udde6\ud83c\uddf6"},{"id":10,"name":"Antigua And Barbuda","iso3":"ATG","iso2":"AG","emoji":"\ud83c\udde6\ud83c\uddec"},{"id":11,"name":"Argentina","iso3":"ARG","iso2":"AR","emoji":"\ud83c\udde6\ud83c\uddf7"},{"id":12,"name":"Armenia","iso3":"ARM","iso2":"AM","emoji":"\ud83c\udde6\ud83c\uddf2"},{"id":13,"name":"Aruba","iso3":"ABW","iso2":"AW","emoji":"\ud83c\udde6\ud83c\uddfc"},{"id":14,"name":"Australia","iso3":"AUS","iso2":"AU","emoji":"\ud83c\udde6\ud83c\uddfa"},{"id":15,"name":"Austria","iso3":"AUT","iso2":"AT","emoji":"\ud83c\udde6\ud83c\uddf9"},{"id":16,"name":"Azerbaijan","iso3":"AZE","iso2":"AZ","emoji":"\ud83c\udde6\ud83c\uddff"},{"id":18,"name":"Bahrain","iso3":"BHR","iso2":"BH","emoji":"\ud83c\udde7\ud83c\udded"},{"id":19,"name":"Bangladesh","iso3":"BGD","iso2":"BD","emoji":"\ud83c\udde7\ud83c\udde9"},{"id":20,"name":"Barbados","iso3":"BRB","iso2":"BB","emoji":"\ud83c\udde7\ud83c\udde7"},{"id":21,"name":"Belarus","iso3":"BLR","iso2":"BY","emoji":"\ud83c\udde7\ud83c\uddfe"},{"id":22,"name":"Belgium","iso3":"BEL","iso2":"BE","emoji":"\ud83c\udde7\ud83c\uddea"},{"id":23,"name":"Belize","iso3":"BLZ","iso2":"BZ","emoji":"\ud83c\udde7\ud83c\uddff"},{"id":24,"name":"Benin","iso3":"BEN","iso2":"BJ","emoji":"\ud83c\udde7\ud83c\uddef"},{"id":25,"name":"Bermuda","iso3":"BMU","iso2":"BM","emoji":"\ud83c\udde7\ud83c\uddf2"},{"id":26,"name":"Bhutan","iso3":"BTN","iso2":"BT","emoji":"\ud83c\udde7\ud83c\uddf9"},{"id":27,"name":"Bolivia","iso3":"BOL","iso2":"BO","emoji":"\ud83c\udde7\ud83c\uddf4"},{"id":155,"name":"Bonaire, Sint Eustatius and Saba","iso3":"BES","iso2":"BQ","emoji":"\ud83c\udde7\ud83c\uddf6"},{"id":28,"name":"Bosnia and Herzegovina","iso3":"BIH","iso2":"BA","emoji":"\ud83c\udde7\ud83c\udde6"},{"id":29,"name":"Botswana","iso3":"BWA","iso2":"BW","emoji":"\ud83c\udde7\ud83c\uddfc"},{"id":30,"name":"Bouvet Island","iso3":"BVT","iso2":"BV","emoji":"\ud83c\udde7\ud83c\uddfb"},{"id":31,"name":"Brazil","iso3":"BRA","iso2":"BR","emoji":"\ud83c\udde7\ud83c\uddf7"},{"id":32,"name":"British Indian Ocean Territory","iso3":"IOT","iso2":"IO","emoji":"\ud83c\uddee\ud83c\uddf4"},{"id":33,"name":"Brunei","iso3":"BRN","iso2":"BN","emoji":"\ud83c\udde7\ud83c\uddf3"},{"id":34,"name":"Bulgaria","iso3":"BGR","iso2":"BG","emoji":"\ud83c\udde7\ud83c\uddec"},{"id":35,"name":"Burkina Faso","iso3":"BFA","iso2":"BF","emoji":"\ud83c\udde7\ud83c\uddeb"},{"id":36,"name":"Burundi","iso3":"BDI","iso2":"BI","emoji":"\ud83c\udde7\ud83c\uddee"},{"id":37,"name":"Cambodia","iso3":"KHM","iso2":"KH","emoji":"\ud83c\uddf0\ud83c\udded"},{"id":38,"name":"Cameroon","iso3":"CMR","iso2":"CM","emoji":"\ud83c\udde8\ud83c\uddf2"},{"id":39,"name":"Canada","iso3":"CAN","iso2":"CA","emoji":"\ud83c\udde8\ud83c\udde6"},{"id":40,"name":"Cape Verde","iso3":"CPV","iso2":"CV","emoji":"\ud83c\udde8\ud83c\uddfb"},{"id":41,"name":"Cayman Islands","iso3":"CYM","iso2":"KY","emoji":"\ud83c\uddf0\ud83c\uddfe"},{"id":42,"name":"Central African Republic","iso3":"CAF","iso2":"CF","emoji":"\ud83c\udde8\ud83c\uddeb"},{"id":43,"name":"Chad","iso3":"TCD","iso2":"TD","emoji":"\ud83c\uddf9\ud83c\udde9"},{"id":44,"name":"Chile","iso3":"CHL","iso2":"CL","emoji":"\ud83c\udde8\ud83c\uddf1"},{"id":45,"name":"China","iso3":"CHN","iso2":"CN","emoji":"\ud83c\udde8\ud83c\uddf3"},{"id":46,"name":"Christmas Island","iso3":"CXR","iso2":"CX","emoji":"\ud83c\udde8\ud83c\uddfd"},{"id":47,"name":"Cocos (Keeling) Islands","iso3":"CCK","iso2":"CC","emoji":"\ud83c\udde8\ud83c\udde8"},{"id":48,"name":"Colombia","iso3":"COL","iso2":"CO","emoji":"\ud83c\udde8\ud83c\uddf4"},{"id":49,"name":"Comoros","iso3":"COM","iso2":"KM","emoji":"\ud83c\uddf0\ud83c\uddf2"},{"id":50,"name":"Congo","iso3":"COG","iso2":"CG","emoji":"\ud83c\udde8\ud83c\uddec"},{"id":52,"name":"Cook Islands","iso3":"COK","iso2":"CK","emoji":"\ud83c\udde8\ud83c\uddf0"},{"id":53,"name":"Costa Rica","iso3":"CRI","iso2":"CR","emoji":"\ud83c\udde8\ud83c\uddf7"},{"id":54,"name":"Cote D'Ivoire (Ivory Coast)","iso3":"CIV","iso2":"CI","emoji":"\ud83c\udde8\ud83c\uddee"},{"id":55,"name":"Croatia","iso3":"HRV","iso2":"HR","emoji":"\ud83c\udded\ud83c\uddf7"},{"id":56,"name":"Cuba","iso3":"CUB","iso2":"CU","emoji":"\ud83c\udde8\ud83c\uddfa"},{"id":249,"name":"Cura\u00e7ao","iso3":"CUW","iso2":"CW","emoji":"\ud83c\udde8\ud83c\uddfc"},{"id":57,"name":"Cyprus","iso3":"CYP","iso2":"CY","emoji":"\ud83c\udde8\ud83c\uddfe"},{"id":58,"name":"Czech Republic","iso3":"CZE","iso2":"CZ","emoji":"\ud83c\udde8\ud83c\uddff"},{"id":51,"name":"Democratic Republic of the Congo","iso3":"COD","iso2":"CD","emoji":"\ud83c\udde8\ud83c\udde9"},{"id":59,"name":"Denmark","iso3":"DNK","iso2":"DK","emoji":"\ud83c\udde9\ud83c\uddf0"},{"id":60,"name":"Djibouti","iso3":"DJI","iso2":"DJ","emoji":"\ud83c\udde9\ud83c\uddef"},{"id":61,"name":"Dominica","iso3":"DMA","iso2":"DM","emoji":"\ud83c\udde9\ud83c\uddf2"},{"id":62,"name":"Dominican Republic","iso3":"DOM","iso2":"DO","emoji":"\ud83c\udde9\ud83c\uddf4"},{"id":63,"name":"East Timor","iso3":"TLS","iso2":"TL","emoji":"\ud83c\uddf9\ud83c\uddf1"},{"id":64,"name":"Ecuador","iso3":"ECU","iso2":"EC","emoji":"\ud83c\uddea\ud83c\udde8"},{"id":65,"name":"Egypt","iso3":"EGY","iso2":"EG","emoji":"\ud83c\uddea\ud83c\uddec"},{"id":66,"name":"El Salvador","iso3":"SLV","iso2":"SV","emoji":"\ud83c\uddf8\ud83c\uddfb"},{"id":67,"name":"Equatorial Guinea","iso3":"GNQ","iso2":"GQ","emoji":"\ud83c\uddec\ud83c\uddf6"},{"id":68,"name":"Eritrea","iso3":"ERI","iso2":"ER","emoji":"\ud83c\uddea\ud83c\uddf7"},{"id":69,"name":"Estonia","iso3":"EST","iso2":"EE","emoji":"\ud83c\uddea\ud83c\uddea"},{"id":70,"name":"Ethiopia","iso3":"ETH","iso2":"ET","emoji":"\ud83c\uddea\ud83c\uddf9"},{"id":71,"name":"Falkland Islands","iso3":"FLK","iso2":"FK","emoji":"\ud83c\uddeb\ud83c\uddf0"},{"id":72,"name":"Faroe Islands","iso3":"FRO","iso2":"FO","emoji":"\ud83c\uddeb\ud83c\uddf4"},{"id":73,"name":"Fiji Islands","iso3":"FJI","iso2":"FJ","emoji":"\ud83c\uddeb\ud83c\uddef"},{"id":74,"name":"Finland","iso3":"FIN","iso2":"FI","emoji":"\ud83c\uddeb\ud83c\uddee"},{"id":75,"name":"France","iso3":"FRA","iso2":"FR","emoji":"\ud83c\uddeb\ud83c\uddf7"},{"id":76,"name":"French Guiana","iso3":"GUF","iso2":"GF","emoji":"\ud83c\uddec\ud83c\uddeb"},{"id":77,"name":"French Polynesia","iso3":"PYF","iso2":"PF","emoji":"\ud83c\uddf5\ud83c\uddeb"},{"id":78,"name":"French Southern Territories","iso3":"ATF","iso2":"TF","emoji":"\ud83c\uddf9\ud83c\uddeb"},{"id":79,"name":"Gabon","iso3":"GAB","iso2":"GA","emoji":"\ud83c\uddec\ud83c\udde6"},{"id":80,"name":"Gambia The","iso3":"GMB","iso2":"GM","emoji":"\ud83c\uddec\ud83c\uddf2"},{"id":81,"name":"Georgia","iso3":"GEO","iso2":"GE","emoji":"\ud83c\uddec\ud83c\uddea"},{"id":82,"name":"Germany","iso3":"DEU","iso2":"DE","emoji":"\ud83c\udde9\ud83c\uddea"},{"id":83,"name":"Ghana","iso3":"GHA","iso2":"GH","emoji":"\ud83c\uddec\ud83c\udded"},{"id":84,"name":"Gibraltar","iso3":"GIB","iso2":"GI","emoji":"\ud83c\uddec\ud83c\uddee"},{"id":85,"name":"Greece","iso3":"GRC","iso2":"GR","emoji":"\ud83c\uddec\ud83c\uddf7"},{"id":86,"name":"Greenland","iso3":"GRL","iso2":"GL","emoji":"\ud83c\uddec\ud83c\uddf1"},{"id":87,"name":"Grenada","iso3":"GRD","iso2":"GD","emoji":"\ud83c\uddec\ud83c\udde9"},{"id":88,"name":"Guadeloupe","iso3":"GLP","iso2":"GP","emoji":"\ud83c\uddec\ud83c\uddf5"},{"id":89,"name":"Guam","iso3":"GUM","iso2":"GU","emoji":"\ud83c\uddec\ud83c\uddfa"},{"id":90,"name":"Guatemala","iso3":"GTM","iso2":"GT","emoji":"\ud83c\uddec\ud83c\uddf9"},{"id":91,"name":"Guernsey and Alderney","iso3":"GGY","iso2":"GG","emoji":"\ud83c\uddec\ud83c\uddec"},{"id":92,"name":"Guinea","iso3":"GIN","iso2":"GN","emoji":"\ud83c\uddec\ud83c\uddf3"},{"id":93,"name":"Guinea-Bissau","iso3":"GNB","iso2":"GW","emoji":"\ud83c\uddec\ud83c\uddfc"},{"id":94,"name":"Guyana","iso3":"GUY","iso2":"GY","emoji":"\ud83c\uddec\ud83c\uddfe"},{"id":95,"name":"Haiti","iso3":"HTI","iso2":"HT","emoji":"\ud83c\udded\ud83c\uddf9"},{"id":96,"name":"Heard Island and McDonald Islands","iso3":"HMD","iso2":"HM","emoji":"\ud83c\udded\ud83c\uddf2"},{"id":97,"name":"Honduras","iso3":"HND","iso2":"HN","emoji":"\ud83c\udded\ud83c\uddf3"},{"id":98,"name":"Hong Kong S.A.R.","iso3":"HKG","iso2":"HK","emoji":"\ud83c\udded\ud83c\uddf0"},{"id":99,"name":"Hungary","iso3":"HUN","iso2":"HU","emoji":"\ud83c\udded\ud83c\uddfa"},{"id":100,"name":"Iceland","iso3":"ISL","iso2":"IS","emoji":"\ud83c\uddee\ud83c\uddf8"},{"id":101,"name":"India","iso3":"IND","iso2":"IN","emoji":"\ud83c\uddee\ud83c\uddf3"},{"id":102,"name":"Indonesia","iso3":"IDN","iso2":"ID","emoji":"\ud83c\uddee\ud83c\udde9"},{"id":103,"name":"Iran","iso3":"IRN","iso2":"IR","emoji":"\ud83c\uddee\ud83c\uddf7"},{"id":104,"name":"Iraq","iso3":"IRQ","iso2":"IQ","emoji":"\ud83c\uddee\ud83c\uddf6"},{"id":105,"name":"Ireland","iso3":"IRL","iso2":"IE","emoji":"\ud83c\uddee\ud83c\uddea"},{"id":106,"name":"Israel","iso3":"ISR","iso2":"IL","emoji":"\ud83c\uddee\ud83c\uddf1"},{"id":107,"name":"Italy","iso3":"ITA","iso2":"IT","emoji":"\ud83c\uddee\ud83c\uddf9"},{"id":108,"name":"Jamaica","iso3":"JAM","iso2":"JM","emoji":"\ud83c\uddef\ud83c\uddf2"},{"id":109,"name":"Japan","iso3":"JPN","iso2":"JP","emoji":"\ud83c\uddef\ud83c\uddf5"},{"id":110,"name":"Jersey","iso3":"JEY","iso2":"JE","emoji":"\ud83c\uddef\ud83c\uddea"},{"id":111,"name":"Jordan","iso3":"JOR","iso2":"JO","emoji":"\ud83c\uddef\ud83c\uddf4"},{"id":112,"name":"Kazakhstan","iso3":"KAZ","iso2":"KZ","emoji":"\ud83c\uddf0\ud83c\uddff"},{"id":113,"name":"Kenya","iso3":"KEN","iso2":"KE","emoji":"\ud83c\uddf0\ud83c\uddea"},{"id":114,"name":"Kiribati","iso3":"KIR","iso2":"KI","emoji":"\ud83c\uddf0\ud83c\uddee"},{"id":248,"name":"Kosovo","iso3":"XKX","iso2":"XK","emoji":"\ud83c\uddfd\ud83c\uddf0"},{"id":117,"name":"Kuwait","iso3":"KWT","iso2":"KW","emoji":"\ud83c\uddf0\ud83c\uddfc"},{"id":118,"name":"Kyrgyzstan","iso3":"KGZ","iso2":"KG","emoji":"\ud83c\uddf0\ud83c\uddec"},{"id":119,"name":"Laos","iso3":"LAO","iso2":"LA","emoji":"\ud83c\uddf1\ud83c\udde6"},{"id":120,"name":"Latvia","iso3":"LVA","iso2":"LV","emoji":"\ud83c\uddf1\ud83c\uddfb"},{"id":121,"name":"Lebanon","iso3":"LBN","iso2":"LB","emoji":"\ud83c\uddf1\ud83c\udde7"},{"id":122,"name":"Lesotho","iso3":"LSO","iso2":"LS","emoji":"\ud83c\uddf1\ud83c\uddf8"},{"id":123,"name":"Liberia","iso3":"LBR","iso2":"LR","emoji":"\ud83c\uddf1\ud83c\uddf7"},{"id":124,"name":"Libya","iso3":"LBY","iso2":"LY","emoji":"\ud83c\uddf1\ud83c\uddfe"},{"id":125,"name":"Liechtenstein","iso3":"LIE","iso2":"LI","emoji":"\ud83c\uddf1\ud83c\uddee"},{"id":126,"name":"Lithuania","iso3":"LTU","iso2":"LT","emoji":"\ud83c\uddf1\ud83c\uddf9"},{"id":127,"name":"Luxembourg","iso3":"LUX","iso2":"LU","emoji":"\ud83c\uddf1\ud83c\uddfa"},{"id":128,"name":"Macau S.A.R.","iso3":"MAC","iso2":"MO","emoji":"\ud83c\uddf2\ud83c\uddf4"},{"id":129,"name":"Macedonia","iso3":"MKD","iso2":"MK","emoji":"\ud83c\uddf2\ud83c\uddf0"},{"id":130,"name":"Madagascar","iso3":"MDG","iso2":"MG","emoji":"\ud83c\uddf2\ud83c\uddec"},{"id":131,"name":"Malawi","iso3":"MWI","iso2":"MW","emoji":"\ud83c\uddf2\ud83c\uddfc"},{"id":132,"name":"Malaysia","iso3":"MYS","iso2":"MY","emoji":"\ud83c\uddf2\ud83c\uddfe"},{"id":133,"name":"Maldives","iso3":"MDV","iso2":"MV","emoji":"\ud83c\uddf2\ud83c\uddfb"},{"id":134,"name":"Mali","iso3":"MLI","iso2":"ML","emoji":"\ud83c\uddf2\ud83c\uddf1"},{"id":135,"name":"Malta","iso3":"MLT","iso2":"MT","emoji":"\ud83c\uddf2\ud83c\uddf9"},{"id":136,"name":"Man (Isle of)","iso3":"IMN","iso2":"IM","emoji":"\ud83c\uddee\ud83c\uddf2"},{"id":137,"name":"Marshall Islands","iso3":"MHL","iso2":"MH","emoji":"\ud83c\uddf2\ud83c\udded"},{"id":138,"name":"Martinique","iso3":"MTQ","iso2":"MQ","emoji":"\ud83c\uddf2\ud83c\uddf6"},{"id":139,"name":"Mauritania","iso3":"MRT","iso2":"MR","emoji":"\ud83c\uddf2\ud83c\uddf7"},{"id":140,"name":"Mauritius","iso3":"MUS","iso2":"MU","emoji":"\ud83c\uddf2\ud83c\uddfa"},{"id":141,"name":"Mayotte","iso3":"MYT","iso2":"YT","emoji":"\ud83c\uddfe\ud83c\uddf9"},{"id":142,"name":"Mexico","iso3":"MEX","iso2":"MX","emoji":"\ud83c\uddf2\ud83c\uddfd"},{"id":143,"name":"Micronesia","iso3":"FSM","iso2":"FM","emoji":"\ud83c\uddeb\ud83c\uddf2"},{"id":144,"name":"Moldova","iso3":"MDA","iso2":"MD","emoji":"\ud83c\uddf2\ud83c\udde9"},{"id":145,"name":"Monaco","iso3":"MCO","iso2":"MC","emoji":"\ud83c\uddf2\ud83c\udde8"},{"id":146,"name":"Mongolia","iso3":"MNG","iso2":"MN","emoji":"\ud83c\uddf2\ud83c\uddf3"},{"id":147,"name":"Montenegro","iso3":"MNE","iso2":"ME","emoji":"\ud83c\uddf2\ud83c\uddea"},{"id":148,"name":"Montserrat","iso3":"MSR","iso2":"MS","emoji":"\ud83c\uddf2\ud83c\uddf8"},{"id":149,"name":"Morocco","iso3":"MAR","iso2":"MA","emoji":"\ud83c\uddf2\ud83c\udde6"},{"id":150,"name":"Mozambique","iso3":"MOZ","iso2":"MZ","emoji":"\ud83c\uddf2\ud83c\uddff"},{"id":151,"name":"Myanmar","iso3":"MMR","iso2":"MM","emoji":"\ud83c\uddf2\ud83c\uddf2"},{"id":152,"name":"Namibia","iso3":"NAM","iso2":"NA","emoji":"\ud83c\uddf3\ud83c\udde6"},{"id":153,"name":"Nauru","iso3":"NRU","iso2":"NR","emoji":"\ud83c\uddf3\ud83c\uddf7"},{"id":154,"name":"Nepal","iso3":"NPL","iso2":"NP","emoji":"\ud83c\uddf3\ud83c\uddf5"},{"id":156,"name":"Netherlands","iso3":"NLD","iso2":"NL","emoji":"\ud83c\uddf3\ud83c\uddf1"},{"id":157,"name":"New Caledonia","iso3":"NCL","iso2":"NC","emoji":"\ud83c\uddf3\ud83c\udde8"},{"id":158,"name":"New Zealand","iso3":"NZL","iso2":"NZ","emoji":"\ud83c\uddf3\ud83c\uddff"},{"id":159,"name":"Nicaragua","iso3":"NIC","iso2":"NI","emoji":"\ud83c\uddf3\ud83c\uddee"},{"id":160,"name":"Niger","iso3":"NER","iso2":"NE","emoji":"\ud83c\uddf3\ud83c\uddea"},{"id":161,"name":"Nigeria","iso3":"NGA","iso2":"NG","emoji":"\ud83c\uddf3\ud83c\uddec"},{"id":162,"name":"Niue","iso3":"NIU","iso2":"NU","emoji":"\ud83c\uddf3\ud83c\uddfa"},{"id":163,"name":"Norfolk Island","iso3":"NFK","iso2":"NF","emoji":"\ud83c\uddf3\ud83c\uddeb"},{"id":115,"name":"North Korea","iso3":"PRK","iso2":"KP","emoji":"\ud83c\uddf0\ud83c\uddf5"},{"id":164,"name":"Northern Mariana Islands","iso3":"MNP","iso2":"MP","emoji":"\ud83c\uddf2\ud83c\uddf5"},{"id":165,"name":"Norway","iso3":"NOR","iso2":"NO","emoji":"\ud83c\uddf3\ud83c\uddf4"},{"id":166,"name":"Oman","iso3":"OMN","iso2":"OM","emoji":"\ud83c\uddf4\ud83c\uddf2"},{"id":167,"name":"Pakistan","iso3":"PAK","iso2":"PK","emoji":"\ud83c\uddf5\ud83c\uddf0"},{"id":168,"name":"Palau","iso3":"PLW","iso2":"PW","emoji":"\ud83c\uddf5\ud83c\uddfc"},{"id":169,"name":"Palestinian Territory Occupied","iso3":"PSE","iso2":"PS","emoji":"\ud83c\uddf5\ud83c\uddf8"},{"id":170,"name":"Panama","iso3":"PAN","iso2":"PA","emoji":"\ud83c\uddf5\ud83c\udde6"},{"id":171,"name":"Papua new Guinea","iso3":"PNG","iso2":"PG","emoji":"\ud83c\uddf5\ud83c\uddec"},{"id":172,"name":"Paraguay","iso3":"PRY","iso2":"PY","emoji":"\ud83c\uddf5\ud83c\uddfe"},{"id":173,"name":"Peru","iso3":"PER","iso2":"PE","emoji":"\ud83c\uddf5\ud83c\uddea"},{"id":174,"name":"Philippines","iso3":"PHL","iso2":"PH","emoji":"\ud83c\uddf5\ud83c\udded"},{"id":175,"name":"Pitcairn Island","iso3":"PCN","iso2":"PN","emoji":"\ud83c\uddf5\ud83c\uddf3"},{"id":176,"name":"Poland","iso3":"POL","iso2":"PL","emoji":"\ud83c\uddf5\ud83c\uddf1"},{"id":177,"name":"Portugal","iso3":"PRT","iso2":"PT","emoji":"\ud83c\uddf5\ud83c\uddf9"},{"id":178,"name":"Puerto Rico","iso3":"PRI","iso2":"PR","emoji":"\ud83c\uddf5\ud83c\uddf7"},{"id":179,"name":"Qatar","iso3":"QAT","iso2":"QA","emoji":"\ud83c\uddf6\ud83c\udde6"},{"id":180,"name":"Reunion","iso3":"REU","iso2":"RE","emoji":"\ud83c\uddf7\ud83c\uddea"},{"id":181,"name":"Romania","iso3":"ROU","iso2":"RO","emoji":"\ud83c\uddf7\ud83c\uddf4"},{"id":182,"name":"Russia","iso3":"RUS","iso2":"RU","emoji":"\ud83c\uddf7\ud83c\uddfa"},{"id":183,"name":"Rwanda","iso3":"RWA","iso2":"RW","emoji":"\ud83c\uddf7\ud83c\uddfc"},{"id":184,"name":"Saint Helena","iso3":"SHN","iso2":"SH","emoji":"\ud83c\uddf8\ud83c\udded"},{"id":185,"name":"Saint Kitts And Nevis","iso3":"KNA","iso2":"KN","emoji":"\ud83c\uddf0\ud83c\uddf3"},{"id":186,"name":"Saint Lucia","iso3":"LCA","iso2":"LC","emoji":"\ud83c\uddf1\ud83c\udde8"},{"id":187,"name":"Saint Pierre and Miquelon","iso3":"SPM","iso2":"PM","emoji":"\ud83c\uddf5\ud83c\uddf2"},{"id":188,"name":"Saint Vincent And The Grenadines","iso3":"VCT","iso2":"VC","emoji":"\ud83c\uddfb\ud83c\udde8"},{"id":189,"name":"Saint-Barthelemy","iso3":"BLM","iso2":"BL","emoji":"\ud83c\udde7\ud83c\uddf1"},{"id":190,"name":"Saint-Martin (French part)","iso3":"MAF","iso2":"MF","emoji":"\ud83c\uddf2\ud83c\uddeb"},{"id":191,"name":"Samoa","iso3":"WSM","iso2":"WS","emoji":"\ud83c\uddfc\ud83c\uddf8"},{"id":192,"name":"San Marino","iso3":"SMR","iso2":"SM","emoji":"\ud83c\uddf8\ud83c\uddf2"},{"id":193,"name":"Sao Tome and Principe","iso3":"STP","iso2":"ST","emoji":"\ud83c\uddf8\ud83c\uddf9"},{"id":194,"name":"Saudi Arabia","iso3":"SAU","iso2":"SA","emoji":"\ud83c\uddf8\ud83c\udde6"},{"id":195,"name":"Senegal","iso3":"SEN","iso2":"SN","emoji":"\ud83c\uddf8\ud83c\uddf3"},{"id":196,"name":"Serbia","iso3":"SRB","iso2":"RS","emoji":"\ud83c\uddf7\ud83c\uddf8"},{"id":197,"name":"Seychelles","iso3":"SYC","iso2":"SC","emoji":"\ud83c\uddf8\ud83c\udde8"},{"id":198,"name":"Sierra Leone","iso3":"SLE","iso2":"SL","emoji":"\ud83c\uddf8\ud83c\uddf1"},{"id":199,"name":"Singapore","iso3":"SGP","iso2":"SG","emoji":"\ud83c\uddf8\ud83c\uddec"},{"id":250,"name":"Sint Maarten (Dutch part)","iso3":"SXM","iso2":"SX","emoji":"\ud83c\uddf8\ud83c\uddfd"},{"id":200,"name":"Slovakia","iso3":"SVK","iso2":"SK","emoji":"\ud83c\uddf8\ud83c\uddf0"},{"id":201,"name":"Slovenia","iso3":"SVN","iso2":"SI","emoji":"\ud83c\uddf8\ud83c\uddee"},{"id":202,"name":"Solomon Islands","iso3":"SLB","iso2":"SB","emoji":"\ud83c\uddf8\ud83c\udde7"},{"id":203,"name":"Somalia","iso3":"SOM","iso2":"SO","emoji":"\ud83c\uddf8\ud83c\uddf4"},{"id":204,"name":"South Africa","iso3":"ZAF","iso2":"ZA","emoji":"\ud83c\uddff\ud83c\udde6"},{"id":205,"name":"South Georgia","iso3":"SGS","iso2":"GS","emoji":"\ud83c\uddec\ud83c\uddf8"},{"id":116,"name":"South Korea","iso3":"KOR","iso2":"KR","emoji":"\ud83c\uddf0\ud83c\uddf7"},{"id":206,"name":"South Sudan","iso3":"SSD","iso2":"SS","emoji":"\ud83c\uddf8\ud83c\uddf8"},{"id":207,"name":"Spain","iso3":"ESP","iso2":"ES","emoji":"\ud83c\uddea\ud83c\uddf8"},{"id":208,"name":"Sri Lanka","iso3":"LKA","iso2":"LK","emoji":"\ud83c\uddf1\ud83c\uddf0"},{"id":209,"name":"Sudan","iso3":"SDN","iso2":"SD","emoji":"\ud83c\uddf8\ud83c\udde9"},{"id":210,"name":"Suriname","iso3":"SUR","iso2":"SR","emoji":"\ud83c\uddf8\ud83c\uddf7"},{"id":211,"name":"Svalbard And Jan Mayen Islands","iso3":"SJM","iso2":"SJ","emoji":"\ud83c\uddf8\ud83c\uddef"},{"id":212,"name":"Swaziland","iso3":"SWZ","iso2":"SZ","emoji":"\ud83c\uddf8\ud83c\uddff"},{"id":213,"name":"Sweden","iso3":"SWE","iso2":"SE","emoji":"\ud83c\uddf8\ud83c\uddea"},{"id":214,"name":"Switzerland","iso3":"CHE","iso2":"CH","emoji":"\ud83c\udde8\ud83c\udded"},{"id":215,"name":"Syria","iso3":"SYR","iso2":"SY","emoji":"\ud83c\uddf8\ud83c\uddfe"},{"id":216,"name":"Taiwan","iso3":"TWN","iso2":"TW","emoji":"\ud83c\uddf9\ud83c\uddfc"},{"id":217,"name":"Tajikistan","iso3":"TJK","iso2":"TJ","emoji":"\ud83c\uddf9\ud83c\uddef"},{"id":218,"name":"Tanzania","iso3":"TZA","iso2":"TZ","emoji":"\ud83c\uddf9\ud83c\uddff"},{"id":219,"name":"Thailand","iso3":"THA","iso2":"TH","emoji":"\ud83c\uddf9\ud83c\udded"},{"id":17,"name":"The Bahamas","iso3":"BHS","iso2":"BS","emoji":"\ud83c\udde7\ud83c\uddf8"},{"id":220,"name":"Togo","iso3":"TGO","iso2":"TG","emoji":"\ud83c\uddf9\ud83c\uddec"},{"id":221,"name":"Tokelau","iso3":"TKL","iso2":"TK","emoji":"\ud83c\uddf9\ud83c\uddf0"},{"id":222,"name":"Tonga","iso3":"TON","iso2":"TO","emoji":"\ud83c\uddf9\ud83c\uddf4"},{"id":223,"name":"Trinidad And Tobago","iso3":"TTO","iso2":"TT","emoji":"\ud83c\uddf9\ud83c\uddf9"},{"id":224,"name":"Tunisia","iso3":"TUN","iso2":"TN","emoji":"\ud83c\uddf9\ud83c\uddf3"},{"id":225,"name":"Turkey","iso3":"TUR","iso2":"TR","emoji":"\ud83c\uddf9\ud83c\uddf7"},{"id":226,"name":"Turkmenistan","iso3":"TKM","iso2":"TM","emoji":"\ud83c\uddf9\ud83c\uddf2"},{"id":227,"name":"Turks And Caicos Islands","iso3":"TCA","iso2":"TC","emoji":"\ud83c\uddf9\ud83c\udde8"},{"id":228,"name":"Tuvalu","iso3":"TUV","iso2":"TV","emoji":"\ud83c\uddf9\ud83c\uddfb"},{"id":229,"name":"Uganda","iso3":"UGA","iso2":"UG","emoji":"\ud83c\uddfa\ud83c\uddec"},{"id":230,"name":"Ukraine","iso3":"UKR","iso2":"UA","emoji":"\ud83c\uddfa\ud83c\udde6"},{"id":231,"name":"United Arab Emirates","iso3":"ARE","iso2":"AE","emoji":"\ud83c\udde6\ud83c\uddea"},{"id":232,"name":"United Kingdom","iso3":"GBR","iso2":"GB","emoji":"\ud83c\uddec\ud83c\udde7"},{"id":233,"name":"United States","iso3":"USA","iso2":"US","emoji":"\ud83c\uddfa\ud83c\uddf8"},{"id":234,"name":"United States Minor Outlying Islands","iso3":"UMI","iso2":"UM","emoji":"\ud83c\uddfa\ud83c\uddf2"},{"id":235,"name":"Uruguay","iso3":"URY","iso2":"UY","emoji":"\ud83c\uddfa\ud83c\uddfe"},{"id":236,"name":"Uzbekistan","iso3":"UZB","iso2":"UZ","emoji":"\ud83c\uddfa\ud83c\uddff"},{"id":237,"name":"Vanuatu","iso3":"VUT","iso2":"VU","emoji":"\ud83c\uddfb\ud83c\uddfa"},{"id":238,"name":"Vatican City State (Holy See)","iso3":"VAT","iso2":"VA","emoji":"\ud83c\uddfb\ud83c\udde6"},{"id":239,"name":"Venezuela","iso3":"VEN","iso2":"VE","emoji":"\ud83c\uddfb\ud83c\uddea"},{"id":240,"name":"Vietnam","iso3":"VNM","iso2":"VN","emoji":"\ud83c\uddfb\ud83c\uddf3"},{"id":241,"name":"Virgin Islands (British)","iso3":"VGB","iso2":"VG","emoji":"\ud83c\uddfb\ud83c\uddec"},{"id":242,"name":"Virgin Islands (US)","iso3":"VIR","iso2":"VI","emoji":"\ud83c\uddfb\ud83c\uddee"},{"id":243,"name":"Wallis And Futuna Islands","iso3":"WLF","iso2":"WF","emoji":"\ud83c\uddfc\ud83c\uddeb"},{"id":244,"name":"Western Sahara","iso3":"ESH","iso2":"EH","emoji":"\ud83c\uddea\ud83c\udded"},{"id":245,"name":"Yemen","iso3":"YEM","iso2":"YE","emoji":"\ud83c\uddfe\ud83c\uddea"},{"id":246,"name":"Zambia","iso3":"ZMB","iso2":"ZM","emoji":"\ud83c\uddff\ud83c\uddf2"},{"id":247,"name":"Zimbabwe","iso3":"ZWE","iso2":"ZW","emoji":"\ud83c\uddff\ud83c\uddfc"}]